{"theta0": 8499.481108990063, "theta1": -0.021447836234204258}